Loading rate (kg/day),,,,,,
,,,,,,
Hour,Day,Vedows_grass combo,Actual_grass,PM,Total,Biogas
0,26/03/2020,57,21.09,,57,2.89
1,26/03/2020,39,14.43,,39,2.89
2,26/03/2020,58,21.46,,58,2.9
3,26/03/2020,67,24.79,,67,2.93
4,26/03/2020,39,14.43,,39,2.96
5,26/03/2020,42,15.54,,42,2.99
6,26/03/2020,115,42.55,,115,3.01
7,26/03/2020,38,14.06,,38,3
8,26/03/2020,10,3.7,,10,2.97
9,26/03/2020,67,24.79,,67,2.91
10,26/03/2020,67,24.79,,67,2.88
11,26/03/2020,68,25.16,,68,2.84
12,26/03/2020,38,14.06,,38,2.78
13,26/03/2020,28,10.36,,28,2.81
14,26/03/2020,67,24.79,,67,2.77
15,26/03/2020,48,17.76,,48,2.8
16,26/03/2020,77,28.49,,77,2.86
17,26/03/2020,77,28.49,,77,2.9
18,26/03/2020,39,14.43,,39,2.93
19,26/03/2020,76,28.12,,76,2.98
20,26/03/2020,80,29.6,,80,3.03
21,26/03/2020,58,21.46,,58,3.06
22,26/03/2020,114,42.18,,114,3.07
23,26/03/2020,58,21.46,,58,3.08
0,27/03/2020,0,0,,0,3.07
1,27/03/2020,-10,-3.7,,-10,3.08
2,27/03/2020,10,3.7,,10,3.07
3,27/03/2020,10,3.7,,10,3.07
4,27/03/2020,20,7.4,,20,3.08
5,27/03/2020,10,3.7,,10,3.08
6,27/03/2020,10,3.7,,10,3.08
7,27/03/2020,0,0,,0,3.07
8,27/03/2020,0,0,,0,3.02
9,27/03/2020,9,3.33,,9,2.94
10,27/03/2020,,0,,0,2.87
11,27/03/2020,,0,,0,2.83
12,27/03/2020,,0,,0,2.78
13,27/03/2020,,0,,0,2.79
14,27/03/2020,,0,,0,2.75
15,27/03/2020,,0,,0,2.78
16,27/03/2020,,0,,0,2.84
17,27/03/2020,,0,,0,2.87
18,27/03/2020,,0,,0,2.94
19,27/03/2020,,0,,0,3.03
20,27/03/2020,,0,,0,3.07
21,27/03/2020,,0,,0,3.07
22,27/03/2020,,0,,0,3.05
23,27/03/2020,,0,,0,3.04
0,28/03/2020,,0,,0,3.03
1,28/03/2020,,0,,0,3.02
2,28/03/2020,,0,,0,3.04
3,28/03/2020,,0,,0,3.06
4,28/03/2020,,0,,0,3.07
5,28/03/2020,,0,,0,3.07
6,28/03/2020,,0,,0,3.07
7,28/03/2020,,0,,0,3.06
8,28/03/2020,,0,,0,3
9,28/03/2020,,0,,0,2.95
10,28/03/2020,,0,,0,2.89
11,28/03/2020,,0,,0,2.84
12,28/03/2020,,0,,0,2.79
13,28/03/2020,,0,,0,2.78
14,28/03/2020,,0,,0,2.8
15,28/03/2020,,0,,0,2.89
16,28/03/2020,,0,,0,3
17,28/03/2020,,0,,0,3.05
18,28/03/2020,,0,,0,3.09
19,28/03/2020,,0,,0,3.13
20,28/03/2020,,0,,0,3.14
21,28/03/2020,,0,,0,3.12
22,28/03/2020,,0,,0,3.08
23,28/03/2020,,0,,0,3.08
0,29/03/2020,,0,,0,3.08
1,29/03/2020,,0,,0,3.1
2,29/03/2020,,0,,0,3.09
3,29/03/2020,,0,,0,3.09
4,29/03/2020,,0,,0,3.1
5,29/03/2020,,0,,0,3.08
6,29/03/2020,,0,,0,3.1
7,29/03/2020,,0,115,115,3.1
8,29/03/2020,,0,,0,3.06
9,29/03/2020,,0,100,100,3
10,29/03/2020,,0,,0,2.95
11,29/03/2020,,0,100,100,2.99
12,29/03/2020,,0,,0,3.01
13,29/03/2020,,0,100,100,3
14,29/03/2020,,0,,0,2.99
15,29/03/2020,,0,100,100,3.02
16,29/03/2020,,0,,0,3.04
17,29/03/2020,,0,100,100,3.08
18,29/03/2020,,0,,0,3.11
19,29/03/2020,,0,115,115,3.16
20,29/03/2020,,0,,0,3.16
21,29/03/2020,,0,115,115,3.16
22,29/03/2020,,0,,0,3.16
23,29/03/2020,,0,115,115,3.16
0,30/03/2020,,0,,0,3.17
1,30/03/2020,,0,115,115,3.18
2,30/03/2020,,0,,0,3.21
3,30/03/2020,,0,115,115,3.23
4,30/03/2020,,0,,0,3.23
5,30/03/2020,,0,115,115,3.19
6,30/03/2020,,0,,0,3.16
7,30/03/2020,,0,115,115,3.11
8,30/03/2020,,0,,0,3.04
9,30/03/2020,,0,115,115,3
10,30/03/2020,,0,,0,2.96
11,30/03/2020,,0,115,115,2.91
12,30/03/2020,,0,,0,2.81
13,30/03/2020,,0,115,115,2.87
14,30/03/2020,,0,,0,2.89
15,30/03/2020,,0,,0,2.95
16,30/03/2020,,0,,0,3.06
17,30/03/2020,,0,,0,3.02
18,30/03/2020,,0,,0,3.04
19,30/03/2020,,0,,0,3.06
20,30/03/2020,,0,,0,3.1
21,30/03/2020,,0,,0,3.06
22,30/03/2020,,0,,0,3.07
23,30/03/2020,,0,,0,3.09
0,31/03/2020,,0,,0,3.1
1,31/03/2020,,0,,0,3.11
2,31/03/2020,,0,,0,3.13
3,31/03/2020,,0,,0,3.13
4,31/03/2020,,0,,0,3.13
5,31/03/2020,,0,,0,3.12
6,31/03/2020,,0,,0,3.14
7,31/03/2020,,0,,0,3.13
8,31/03/2020,,0,,0,3.08
9,31/03/2020,,0,,0,3.02
10,31/03/2020,,0,,0,2.97
11,31/03/2020,,0,,0,2.94
12,31/03/2020,,0,,0,2.88
13,31/03/2020,,0,,0,2.9
14,31/03/2020,,0,,0,2.85
15,31/03/2020,,0,,0,2.88
16,31/03/2020,,0,,0,2.94
17,31/03/2020,,0,,0,2.96
18,31/03/2020,,0,,0,2.99
19,31/03/2020,,0,,0,3.08
20,31/03/2020,,0,,0,3.15
21,31/03/2020,,0,,0,3.16
22,31/03/2020,,0,,0,3.15
23,31/03/2020,,0,,0,3.13
0,1/04/2020,,0,,0,3.13
1,1/04/2020,,0,,0,3.12
2,1/04/2020,,0,,0,3.12
3,1/04/2020,,0,,0,3.11
4,1/04/2020,,0,,0,3.1
5,1/04/2020,,0,,0,3.1
6,1/04/2020,,0,,0,3.1
7,1/04/2020,,0,,0,3.07
8,1/04/2020,,0,,0,3.02
9,1/04/2020,,0,,0,2.95
10,1/04/2020,,0,,0,2.89
11,1/04/2020,,0,,0,2.85
12,1/04/2020,,0,,0,2.81
13,1/04/2020,,0,,0,2.83
14,1/04/2020,,0,115,115,2.78
15,1/04/2020,,0,,0,2.84
16,1/04/2020,,0,115,115,2.91
17,1/04/2020,,0,,0,2.97
18,1/04/2020,,0,115,115,3.02
19,1/04/2020,,0,,0,3.1
20,1/04/2020,,0,115,115,3.1
21,1/04/2020,,0,,0,3.09
22,1/04/2020,,0,115,115,3.09
23,1/04/2020,,0,,0,3.08
0,2/04/2020,,0,115,115,3.05
1,2/04/2020,,0,,0,3
2,2/04/2020,,0,115,115,2.98
3,2/04/2020,,0,,0,2.96
4,2/04/2020,,0,115,115,2.98
5,2/04/2020,,0,,0,3.02
6,2/04/2020,,0,115,115,3.03
7,2/04/2020,,0,,0,3.05
8,2/04/2020,,0,115,115,2.97
9,2/04/2020,,0,,0,2.85
10,2/04/2020,,0,115,115,2.79
11,2/04/2020,,0,,0,2.82
12,2/04/2020,,0,115,115,2.83
13,2/04/2020,,0,,0,2.81
14,2/04/2020,,0,115,115,2.77
15,2/04/2020,,0,,0,2.83
16,2/04/2020,,0,115,115,2.86
17,2/04/2020,,0,,0,2.87
18,2/04/2020,,0,115,115,2.89
19,2/04/2020,,0,,0,2.91
20,2/04/2020,,0,115,115,2.93
21,2/04/2020,,0,,0,2.94
22,2/04/2020,,0,115,115,2.94
23,2/04/2020,,0,,0,2.95
0,3/04/2020,,0,115,115,2.95
1,3/04/2020,,0,,0,2.94
2,3/04/2020,,0,115,115,2.95
3,3/04/2020,,0,,0,2.95
4,3/04/2020,,0,115,115,2.95
5,3/04/2020,,0,,0,2.96
6,3/04/2020,,0,115,115,2.96
7,3/04/2020,,0,,0,2.94
8,3/04/2020,,0,115,115,2.88
9,3/04/2020,,0,,0,2.8
10,3/04/2020,,0,115,115,2.77
11,3/04/2020,,0,,0,2.76
12,3/04/2020,,0,115,115,2.76
13,3/04/2020,,0,,0,2.77
14,3/04/2020,,0,115,115,2.74
15,3/04/2020,,0,,0,2.77
16,3/04/2020,,0,115,115,2.76
17,3/04/2020,,0,,0,2.78
18,3/04/2020,,0,115,115,2.79
19,3/04/2020,,0,,0,2.8
20,3/04/2020,,0,115,115,2.8
21,3/04/2020,,0,,0,2.81
22,3/04/2020,,0,115,115,2.81
23,3/04/2020,,0,,0,2.83
0,4/04/2020,,0,115,115,2.87
1,4/04/2020,,0,,0,2.91
2,4/04/2020,,0,115,115,2.93
3,4/04/2020,,0,,0,2.92
4,4/04/2020,,0,115,115,2.91
5,4/04/2020,,0,,0,2.92
6,4/04/2020,,0,115,115,2.91
7,4/04/2020,,0,,0,2.86
8,4/04/2020,,0,115,115,2.75
9,4/04/2020,,0,,0,2.66
10,4/04/2020,,0,115,115,2.6
11,4/04/2020,,0,,0,2.58
12,4/04/2020,,0,115,115,2.55
13,4/04/2020,,0,,0,2.55
14,4/04/2020,,0,115,115,2.53
15,4/04/2020,,0,,0,2.55
16,4/04/2020,,0,115,115,2.58
17,4/04/2020,,0,,0,2.6
18,4/04/2020,,0,115,115,2.64
19,4/04/2020,,0,,0,2.67
20,4/04/2020,,0,115,115,2.72
21,4/04/2020,,0,,0,2.74
22,4/04/2020,,0,115,115,2.76
23,4/04/2020,,0,,0,2.74
0,5/04/2020,,0,115,115,2.72
1,5/04/2020,,0,,0,2.75
2,5/04/2020,,0,115,115,2.77
3,5/04/2020,,0,,0,2.79
4,5/04/2020,,0,115,115,2.78
5,5/04/2020,,0,,0,2.79
6,5/04/2020,,0,115,115,2.78
7,5/04/2020,,0,,0,2.74
8,5/04/2020,,0,115,115,2.64
9,5/04/2020,,0,,0,2.56
10,5/04/2020,,0,115,115,2.52
11,5/04/2020,,0,,0,2.49
12,5/04/2020,,0,115,115,2.46
13,5/04/2020,,0,,0,2.45
14,5/04/2020,,0,115,115,2.5
15,5/04/2020,,0,,0,2.47
16,5/04/2020,,0,115,115,2.4
17,5/04/2020,,0,,0,2.43
18,5/04/2020,,0,115,115,2.48
19,5/04/2020,,0,,0,2.55
20,5/04/2020,,0,115,115,2.61
21,5/04/2020,,0,,0,2.63
22,5/04/2020,,0,115,115,2.63
23,5/04/2020,,0,,0,2.63
0,6/04/2020,,0,115,115,2.63
1,6/04/2020,,0,,0,2.63
2,6/04/2020,,0,115,115,2.63
3,6/04/2020,,0,,0,2.64
4,6/04/2020,,0,115,115,2.65
5,6/04/2020,,0,,0,2.64
6,6/04/2020,,0,115,115,2.64
7,6/04/2020,,0,,0,2.61
8,6/04/2020,,0,115,115,2.54
9,6/04/2020,,0,,0,2.49
10,6/04/2020,,0,115,115,2.45
11,6/04/2020,,0,,0,2.44
12,6/04/2020,,0,115,115,2.45
13,6/04/2020,,0,,0,2.5
14,6/04/2020,,0,115,115,2.62
15,6/04/2020,,0,,0,2.58
16,6/04/2020,,0,115,115,2.53
17,6/04/2020,,0,,0,2.53
18,6/04/2020,,0,115,115,2.52
19,6/04/2020,,0,,0,2.54
20,6/04/2020,,0,115,115,2.56
21,6/04/2020,,0,,0,2.58
22,6/04/2020,,0,115,115,2.6
23,6/04/2020,,0,,0,2.62
0,7/04/2020,,0,115,115,2.65
1,7/04/2020,,0,,0,2.66
2,7/04/2020,,0,115,115,2.68
3,7/04/2020,,0,,0,2.68
4,7/04/2020,,0,115,115,2.68
5,7/04/2020,,0,,0,2.68
6,7/04/2020,,0,115,115,2.69
7,7/04/2020,,0,,0,2.64
8,7/04/2020,,0,,0,2.55
9,7/04/2020,,0,115,115,2.48
10,7/04/2020,,0,,0,2.43
11,7/04/2020,,0,115,115,2.4
12,7/04/2020,,0,,0,2.37
13,7/04/2020,,0,,0,2.4
14,7/04/2020,,0,,0,2.45
15,7/04/2020,,0,,0,2.43
16,7/04/2020,,0,,0,2.39
17,7/04/2020,,0,,0,2.37
18,7/04/2020,,0,,0,2.43
19,7/04/2020,,0,,0,2.49
20,7/04/2020,,0,,0,2.54
21,7/04/2020,,0,,0,2.56
22,7/04/2020,,0,30,30,2.56
23,7/04/2020,,0,,0,2.55
0,8/04/2020,,0,,0,2.53
1,8/04/2020,,0,,0,2.51
2,8/04/2020,,0,,0,2.49
3,8/04/2020,,0,,0,2.51
4,8/04/2020,,0,,0,2.54
5,8/04/2020,,0,,0,2.55
6,8/04/2020,,0,,0,2.55
7,8/04/2020,,0,,0,2.52
8,8/04/2020,,0,,0,2.46
9,8/04/2020,,0,,0,2.4
10,8/04/2020,,0,,0,2.35
11,8/04/2020,,0,,0,2.33
12,8/04/2020,,0,,0,2.31
13,8/04/2020,,0,,0,2.34
14,8/04/2020,,0,,0,2.36
15,8/04/2020,,0,,0,2.35
16,8/04/2020,,0,,0,2.37
17,8/04/2020,,0,,0,2.35
18,8/04/2020,,0,,0,2.4
19,8/04/2020,,0,,0,2.47
20,8/04/2020,,0,,0,2.55
21,8/04/2020,,0,,0,2.58
22,8/04/2020,,0,,0,2.57
23,8/04/2020,,0,,0,2.55
0,9/04/2020,,0,,0,2.53
1,9/04/2020,,0,,0,2.53
2,9/04/2020,,0,,0,2.53
3,9/04/2020,,0,,0,2.56
4,9/04/2020,,0,,0,2.54
5,9/04/2020,,0,,0,2.52
6,9/04/2020,,0,,0,2.51
7,9/04/2020,,0,,0,2.49
8,9/04/2020,,0,,0,2.42
9,9/04/2020,,0,,0,2.38
10,9/04/2020,,0,,0,2.35
11,9/04/2020,,0,,0,2.34
12,9/04/2020,,0,,0,2.33
13,9/04/2020,,0,,0,2.37
14,9/04/2020,,0,,0,2.37
15,9/04/2020,,0,,0,2.41
16,9/04/2020,,0,115,115,2.44
17,9/04/2020,,0,,0,2.49
18,9/04/2020,,0,115,115,2.54
19,9/04/2020,,0,180,180,2.58
20,9/04/2020,,0,,0,2.62
21,9/04/2020,,0,115,115,2.63
22,9/04/2020,,0,,0,2.63
23,9/04/2020,,0,115,115,2.61
0,10/04/2020,,0,,0,2.61
1,10/04/2020,,0,115,115,2.62
2,10/04/2020,,0,,0,2.63
3,10/04/2020,,0,115,115,2.66
4,10/04/2020,,0,,0,2.67
5,10/04/2020,,0,115,115,2.71
6,10/04/2020,,0,,0,2.75
7,10/04/2020,,0,115,115,2.71
8,10/04/2020,,0,,0,2.64
9,10/04/2020,,0,115,115,2.58
10,10/04/2020,,0,,0,2.53
11,10/04/2020,,0,115,115,2.5
12,10/04/2020,,0,,0,2.48
13,10/04/2020,,0,115,115,2.52
14,10/04/2020,116,42.92,,116,2.69
15,10/04/2020,97,35.89,115,212,2.62
16,10/04/2020,86,31.82,,86,3.11
17,10/04/2020,85,31.45,115,200,5.14
18,10/04/2020,62,22.94,,62,8.97
19,10/04/2020,107,39.59,115,222,8.93
20,10/04/2020,115,42.55,345,460,7.65
21,10/04/2020,80,29.6,,80,2.52
22,10/04/2020,87,32.19,115,202,2.6
23,10/04/2020,116,42.92,,116,2.61
0,11/04/2020,106,39.22,440,546,5.86
1,11/04/2020,106,39.22,,106,5.41
2,11/04/2020,95,35.15,115,210,2.54
3,11/04/2020,97,35.89,,97,2.57
4,11/04/2020,,0,,0,3.4
5,11/04/2020,,0,,0,7.83
6,11/04/2020,88,32.56,115,203,3
7,11/04/2020,,0,115,115,2.5
8,11/04/2020,48,17.76,,48,2.45
9,11/04/2020,58,21.46,230,288,5.89
10,11/04/2020,30,11.1,,30,6.81
11,11/04/2020,20,7.4,115,135,2.39
12,11/04/2020,48,17.76,,48,2.43
13,11/04/2020,129,47.73,1215,1344,7.74
14,11/04/2020,-49,-18.13,,-49,4.87
15,11/04/2020,39,14.43,115,154,2.34
16,11/04/2020,66,24.42,1115,1181,3.24
17,11/04/2020,59,21.83,,59,8.02
18,11/04/2020,48,17.76,115,163,2.83
19,11/04/2020,68,25.16,,68,2.54
20,11/04/2020,78,28.86,115,193,2.58
21,11/04/2020,58,21.46,,58,2.61
22,11/04/2020,39,14.43,115,154,6.07
23,11/04/2020,,0,,0,5.79
0,12/04/2020,57,21.09,115,172,2.54
1,12/04/2020,,0,,0,2.55
2,12/04/2020,48,17.76,115,163,5.09
3,12/04/2020,48,17.76,,48,7.95
4,12/04/2020,48,17.76,115,163,2.45
5,12/04/2020,58,21.46,,58,2.47
6,12/04/2020,67,24.79,115,182,4.13
7,12/04/2020,95,35.15,,95,7.98
8,12/04/2020,28,10.36,115,143,3.2
9,12/04/2020,29,10.73,,29,2.4
10,12/04/2020,9,3.33,115,124,6.27
11,12/04/2020,39,14.43,,39,8.1
12,12/04/2020,29,10.73,115,144,2.69
13,12/04/2020,48,17.76,,48,2.31
14,12/04/2020,29,10.73,115,144,6.77
15,12/04/2020,38,14.06,,38,6.17
16,12/04/2020,29,10.73,115,144,2.4
17,12/04/2020,58,21.46,,58,2.49
18,12/04/2020,10,3.7,115,125,5.83
19,12/04/2020,87,32.19,,87,6.83
20,12/04/2020,57,21.09,115,172,2.47
21,12/04/2020,28,10.36,,28,2.51
22,12/04/2020,58,21.46,115,173,4.66
23,12/04/2020,29,10.73,,29,7.93
0,13/04/2020,29,10.73,115,144,3.04
1,13/04/2020,57,21.09,,57,2.58
2,13/04/2020,29,10.73,115,144,3.82
3,13/04/2020,38,14.06,,38,7.71
4,13/04/2020,48,17.76,115,163,3.94
5,13/04/2020,77,28.49,,77,2.57
6,13/04/2020,58,21.46,115,173,3.42
7,13/04/2020,71,26.27,,71,7.6
8,13/04/2020,48,17.76,115,163,3.29
9,13/04/2020,38,14.06,,38,2.5
10,13/04/2020,,0,115,115,5.1
11,13/04/2020,,0,,0,7.77
12,13/04/2020,58,21.46,,58,4.4
13,13/04/2020,68,25.16,115,183,2.48
14,13/04/2020,58,21.46,,58,3.53
15,13/04/2020,95,35.15,115,210,7.73
16,13/04/2020,48,17.76,,48,5.02
17,13/04/2020,87,32.19,115,202,2.57
18,13/04/2020,87,32.19,,87,2.66
19,13/04/2020,48,17.76,115,163,6.53
20,13/04/2020,49,18.13,,49,6.08
21,13/04/2020,57,21.09,115,172,2.6
22,13/04/2020,96,35.52,,96,2.61
23,13/04/2020,58,21.46,115,173,5
0,14/04/2020,71,26.27,,71,7.69
1,14/04/2020,76,28.12,115,191,4.27
2,14/04/2020,95,35.15,,95,2.54
3,14/04/2020,68,25.16,115,183,3.11
4,14/04/2020,78,28.86,,78,7.48
5,14/04/2020,77,28.49,115,192,6.25
6,14/04/2020,66,24.42,,66,2.51
7,14/04/2020,86,31.82,115,201,2.53
8,14/04/2020,86,31.82,,86,7.35
9,14/04/2020,86,31.82,115,201,6.76
10,14/04/2020,67,24.79,,67,2.46
11,14/04/2020,77,28.49,60,137,2.87
12,14/04/2020,51,18.87,,51,7.55
13,14/04/2020,68,25.16,5,73,7.82
14,14/04/2020,68,25.16,,68,2.54
15,14/04/2020,77,28.49,0,77,2.52
16,14/04/2020,49,18.13,,49,5.86
17,14/04/2020,77,28.49,0,77,7.73
18,14/04/2020,48,17.76,,48,3.37
19,14/04/2020,87,32.19,0,87,2.59
20,14/04/2020,48,17.76,,48,2.89
21,14/04/2020,68,25.16,40,108,7.28
22,14/04/2020,57,21.09,,57,6.8
23,14/04/2020,67,24.79,10,77,2.56
0,15/04/2020,67,24.79,,67,2.6
1,15/04/2020,67,24.79,5,72,5.67
2,15/04/2020,68,25.16,,68,7.81
3,15/04/2020,68,25.16,5,73,3.69
4,15/04/2020,29,10.73,,29,2.56
5,15/04/2020,58,21.46,5,63,3.97
6,15/04/2020,61,22.57,,61,7.59
7,15/04/2020,28,10.36,25,53,7.28
8,15/04/2020,96,35.52,,96,2.47
9,15/04/2020,77,28.49,5,82,2.47
10,15/04/2020,99,36.63,,99,2.45
11,15/04/2020,68,25.16,115,183,2.43
12,15/04/2020,96,35.52,,96,2.41
13,15/04/2020,68,25.16,115,183,2.37
14,15/04/2020,68,25.16,,68,2.36
15,15/04/2020,77,28.49,115,192,5.6
16,15/04/2020,38,14.06,,38,7.78
17,15/04/2020,47,17.39,115,162,7.77
18,15/04/2020,29,10.73,,29,7.7
19,15/04/2020,67,24.79,115,182,7.74
20,15/04/2020,67,24.79,,67,7.76
21,15/04/2020,67,24.79,115,182,7.75
22,15/04/2020,58,21.46,,58,2.91
23,15/04/2020,58,21.46,115,173,2.61
0,16/04/2020,67,24.79,,67,4.67
1,16/04/2020,68,25.16,115,183,7.61
2,16/04/2020,10,3.7,,10,5.34
3,16/04/2020,42,15.54,115,157,2.54
4,16/04/2020,77,28.49,,77,2.83
5,16/04/2020,48,17.76,115,163,7.5
6,16/04/2020,49,18.13,,49,7.71
7,16/04/2020,68,25.16,115,183,3.2
8,16/04/2020,10,3.7,,10,2.46
9,16/04/2020,19,7.03,115,134,3.27
10,16/04/2020,68,25.16,,68,7.34
11,16/04/2020,68,25.16,115,183,7.77
12,16/04/2020,71,26.27,,71,4.46
13,16/04/2020,58,21.46,115,173,2.38
14,16/04/2020,48,17.76,,48,5.38
15,16/04/2020,57,21.09,115,172,7.83
16,16/04/2020,58,21.46,,58,4.69
17,16/04/2020,77,28.49,115,192,2.57
18,16/04/2020,77,28.49,,77,4.21
19,16/04/2020,154,56.98,230,384,7.56
20,16/04/2020,67,24.79,,67,4.45
21,16/04/2020,87,32.19,115,202,2.58
22,16/04/2020,87,32.19,,87,3.91
23,16/04/2020,,0,,0,7.36
0,17/04/2020,87,32.19,115,202,7.65
1,17/04/2020,67,24.79,,67,6.71
2,17/04/2020,68,25.16,115,183,2.55
3,17/04/2020,62,22.94,,62,2.87
4,17/04/2020,57,21.09,115,172,7.32
5,17/04/2020,68,25.16,,68,7.68
6,17/04/2020,48,17.76,115,163,2.9
7,17/04/2020,58,21.46,,58,2.6
8,17/04/2020,58,21.46,115,173,6.92
9,17/04/2020,67,24.79,,67,7.64
10,17/04/2020,48,17.76,115,163,5.03
11,17/04/2020,38,14.06,,38,2.49
12,17/04/2020,,0,115,115,5.89
13,17/04/2020,88,32.56,,88,7.73
14,17/04/2020,96,35.52,115,211,6.75
15,17/04/2020,68,25.16,,68,2.33
16,17/04/2020,86,31.82,115,201,4.15
17,17/04/2020,67,24.79,,67,7.79
18,17/04/2020,106,39.22,115,221,6.98
19,17/04/2020,97,35.89,,97,2.48
20,17/04/2020,87,32.19,,87,3.16
21,17/04/2020,96,35.52,115,211,7.46
22,17/04/2020,91,33.67,,91,7.67
23,17/04/2020,107,39.59,115,222,3.17
0,18/04/2020,96,35.52,,96,2.62
1,18/04/2020,77,28.49,115,192,7.35
2,18/04/2020,68,25.16,,68,7.72
3,18/04/2020,97,35.89,115,212,6.31
4,18/04/2020,38,14.06,,38,2.53
5,18/04/2020,86,31.82,115,201,5.17
6,18/04/2020,58,21.46,,58,7.67
7,18/04/2020,58,21.46,115,173,7.75
8,18/04/2020,135,49.95,115,250,3.67
9,18/04/2020,58,21.46,,58,3
10,18/04/2020,58,21.46,115,173,7.27
11,18/04/2020,57,21.09,,57,7.66
12,18/04/2020,70,25.9,115,185,3.47
13,18/04/2020,58,21.46,,58,2.83
14,18/04/2020,47,17.39,115,162,7.51
15,18/04/2020,39,14.43,,39,7.78
16,18/04/2020,57,21.09,115,172,3.18
17,18/04/2020,97,35.89,230,327,3.43
18,18/04/2020,19,7.03,,19,7.62
19,18/04/2020,77,28.49,115,192,7.77
20,18/04/2020,58,21.46,,58,3.44
21,18/04/2020,56,20.72,115,171,2.59
22,18/04/2020,57,21.09,,57,6.92
23,18/04/2020,57,21.09,115,172,7.74
0,19/04/2020,39,14.43,,39,5.05
1,19/04/2020,38,14.06,115,153,2.55
2,19/04/2020,38,14.06,,38,4.13
3,19/04/2020,58,21.46,115,173,7.63
4,19/04/2020,29,10.73,,29,7.73
5,19/04/2020,19,7.03,115,134,3
6,19/04/2020,28,10.36,,28,2.9
7,19/04/2020,48,17.76,115,163,7.49
8,19/04/2020,38,14.06,115,153,7.75
9,19/04/2020,42,15.54,,42,4.89
10,19/04/2020,49,18.13,115,164,2.74
11,19/04/2020,58,21.46,,58,7.54
12,19/04/2020,59,21.83,115,174,7.74
13,19/04/2020,58,21.46,,58,5.89
14,19/04/2020,48,17.76,115,163,2.4
15,19/04/2020,29,10.73,,29,4.76
16,19/04/2020,86,31.82,115,201,7.74
17,19/04/2020,68,25.16,,68,7.79
18,19/04/2020,28,10.36,115,143,2.94
19,19/04/2020,76,28.12,,76,3.14
20,19/04/2020,-35,-12.95,115,80,7.54
21,19/04/2020,48,17.76,,48,7.73
22,19/04/2020,96,35.52,115,211,3.74
23,19/04/2020,58,21.46,,58,2.56
0,20/04/2020,29,10.73,115,144,7.06
1,20/04/2020,70,25.9,,70,7.71
2,20/04/2020,38,14.06,115,153,5.5
3,20/04/2020,86,31.82,,86,2.54
4,20/04/2020,77,28.49,115,192,5.36
5,20/04/2020,68,25.16,,68,7.64
6,20/04/2020,48,17.76,115,163,7.67
7,20/04/2020,58,21.46,115,173,2.86
8,20/04/2020,69,25.53,,69,3.9
9,20/04/2020,107,39.59,115,222,7.53
10,20/04/2020,115,42.55,,115,7.68
11,20/04/2020,126,46.62,115,241,7.63
12,20/04/2020,96,35.52,,96,2.51
13,20/04/2020,86,31.82,115,201,4.81
14,20/04/2020,91,33.67,,91,7.81
15,20/04/2020,97,35.89,115,212,7.97
16,20/04/2020,96,35.52,,96,5.8
17,20/04/2020,106,39.22,115,221,2.42
18,20/04/2020,57,21.09,,57,6.29
19,20/04/2020,125,46.25,230,355,7.71
20,20/04/2020,67,24.79,,67,7.68
21,20/04/2020,78,28.86,115,193,3.15
22,20/04/2020,68,25.16,,68,3.89
23,20/04/2020,67,24.79,115,182,7.58
0,21/04/2020,61,22.57,,61,7.7
1,21/04/2020,39,14.43,115,154,7.66
2,21/04/2020,58,21.46,,58,2.51
3,21/04/2020,87,32.19,115,202,4.82
4,21/04/2020,67,24.79,,67,7.64
5,21/04/2020,57,21.09,115,172,7.7
6,21/04/2020,59,21.83,,59,5.72
7,21/04/2020,58,21.46,115,173,2.55
8,21/04/2020,29,10.73,,29,5.62
9,21/04/2020,58,21.46,115,173,7.66
10,21/04/2020,37,13.69,,37,7.72
11,21/04/2020,29,10.73,115,144,7.64
12,21/04/2020,48,17.76,,48,2.77
13,21/04/2020,48,17.76,115,163,5.35
14,21/04/2020,29,10.73,,29,7.78
15,21/04/2020,48,17.76,115,163,7.91
16,21/04/2020,39,14.43,,39,6.35
17,21/04/2020,20,7.4,115,135,2.41
18,21/04/2020,28,10.36,,28,6.86
19,21/04/2020,177,65.49,345,522,7.72
20,21/04/2020,77,28.49,,77,7.45
21,21/04/2020,28,10.36,115,143,2.52
22,21/04/2020,49,18.13,,49,4.28
23,21/04/2020,59,21.83,115,174,7.59
0,22/04/2020,49,18.13,,49,7.67
1,22/04/2020,39,14.43,115,154,3.29
2,22/04/2020,0,0,,0,3.07
3,22/04/2020,28,10.36,115,143,7.41
4,22/04/2020,48,17.76,,48,7.67
5,22/04/2020,39,14.43,115,154,6.76
6,22/04/2020,87,32.19,,87,2.53
7,22/04/2020,48,17.76,115,163,2.66
8,22/04/2020,58,21.46,115,173,2.6
9,22/04/2020,,0,,0,2.53
10,22/04/2020,,0,,0,2.49
11,22/04/2020,39,14.43,100,139,2.46
12,22/04/2020,38,14.06,,38,3.25
13,22/04/2020,29,10.73,100,129,6.81
14,22/04/2020,,0,,0,7.96
15,22/04/2020,78,28.86,100,178,8.08
16,22/04/2020,20,7.4,,20,7.96
17,22/04/2020,86,31.82,100,186,7.88
18,22/04/2020,29,10.73,,29,7.79
19,22/04/2020,57,21.09,100,157,7.77
20,22/04/2020,183,67.71,100,283,7.76
21,22/04/2020,120,44.4,,120,7.77
22,22/04/2020,87,32.19,100,187,7.78
23,22/04/2020,77,28.49,,77,5.08
0,23/04/2020,88,32.56,100,188,2.58
1,23/04/2020,67,24.79,,67,5.02
2,23/04/2020,57,21.09,100,157,7.68
3,23/04/2020,49,18.13,,49,7.73
4,23/04/2020,68,25.16,100,168,3.15
5,23/04/2020,39,14.43,,39,2.62
6,23/04/2020,68,25.16,100,168,7.36
7,23/04/2020,58,21.46,100,158,7.73
8,23/04/2020,68,25.16,,68,5.72
9,23/04/2020,86,31.82,,86,2.47
10,23/04/2020,61,22.57,,61,6.9
11,23/04/2020,77,28.49,,77,7.7
12,23/04/2020,88,32.56,,88,7.68
13,23/04/2020,77,28.49,,77,6.16
14,23/04/2020,58,21.46,,58,2.36
15,23/04/2020,86,31.82,,86,6.96
16,23/04/2020,67,24.79,,67,8.07
17,23/04/2020,68,25.16,100,168,7.02
18,23/04/2020,77,28.49,,77,2.49
19,23/04/2020,68,25.16,100,168,4.36
20,23/04/2020,68,25.16,,68,7.72
21,23/04/2020,28,10.36,100,128,7.61
22,23/04/2020,67,24.79,,67,2.59
23,23/04/2020,48,17.76,100,148,3.55
0,24/04/2020,99,36.63,,99,7.5
1,24/04/2020,68,25.16,100,168,7
2,24/04/2020,86,31.82,,86,2.56
3,24/04/2020,67,24.79,100,167,4.21
4,24/04/2020,88,32.56,,88,7.6
5,24/04/2020,67,24.79,100,167,7.71
6,24/04/2020,57,21.09,,57,4.17
7,24/04/2020,66,24.42,100,166,2.56
8,24/04/2020,58,21.46,,58,7.29
9,24/04/2020,58,21.46,100,158,7.72
10,24/04/2020,19,7.03,,19,5.14
11,24/04/2020,57,21.09,100,157,2.44
12,24/04/2020,68,25.16,,68,7.35
13,24/04/2020,67,24.79,115,182,7.81
14,24/04/2020,32,11.84,,32,7.49
15,24/04/2020,145,53.65,100,245,2.34
16,24/04/2020,77,28.49,,77,4.98
17,24/04/2020,77,28.49,100,177,7.77
18,24/04/2020,76,28.12,,76,7.69
19,24/04/2020,136,50.32,200,336,2.54
20,24/04/2020,104,38.48,,104,3.48
21,24/04/2020,58,21.46,100,158,7.52
22,24/04/2020,68,25.16,,68,7.72
23,24/04/2020,77,28.49,100,177,2.77
0,25/04/2020,51,18.87,,51,3.2
1,25/04/2020,78,28.86,100,178,7.44
2,25/04/2020,39,14.43,,39,7.68
3,25/04/2020,48,17.76,100,148,4.09
4,25/04/2020,48,17.76,,48,2.55
5,25/04/2020,58,21.46,100,158,6.67
6,25/04/2020,39,14.43,,39,7.69
7,25/04/2020,87,32.19,100,187,5.83
8,25/04/2020,143,52.91,100,243,2.5
9,25/04/2020,68,25.16,,68,4.1
10,25/04/2020,49,18.13,100,149,7.63
11,25/04/2020,97,35.89,,97,7.76
12,25/04/2020,77,28.49,100,177,5.8
13,25/04/2020,77,28.49,,77,2.44
14,25/04/2020,119,44.03,100,219,2.46
15,25/04/2020,,0,,0,2.35
16,25/04/2020,39,14.43,100,139,2.47
17,25/04/2020,,0,,0,2.57
18,25/04/2020,,0,,0,2.61
19,25/04/2020,,0,,0,2.68
20,25/04/2020,96,35.52,100,196,2.78
21,25/04/2020,58,21.46,,58,4.54
22,25/04/2020,77,28.49,100,177,7.38
23,25/04/2020,125,46.25,,125,7.55
0,26/04/2020,104,38.48,100,204,7.55
1,26/04/2020,77,28.49,,77,7.57
2,26/04/2020,77,28.49,100,177,7.56
3,26/04/2020,98,36.26,,98,7.57
4,26/04/2020,96,35.52,100,196,7.58
5,26/04/2020,108,39.96,,108,7.58
6,26/04/2020,68,25.16,100,168,7.6
7,26/04/2020,67,24.79,,67,7.6
8,26/04/2020,222,82.14,35,257,7.57
9,26/04/2020,76,28.12,,76,7.54
10,26/04/2020,86,31.82,,86,7.59
11,26/04/2020,58,21.46,,58,7.48
12,26/04/2020,67,24.79,,67,4.09
13,26/04/2020,58,21.46,,58,3.98
14,26/04/2020,68,25.16,,68,7.68
15,26/04/2020,81,29.97,,81,7.94
16,26/04/2020,58,21.46,,58,7.8
17,26/04/2020,29,10.73,,29,4.26
18,26/04/2020,48,17.76,,48,2.59
19,26/04/2020,49,18.13,,49,7.2
20,26/04/2020,76,28.12,,76,7.57
21,26/04/2020,29,10.73,,29,6.39
22,26/04/2020,28,10.36,,28,2.58
23,26/04/2020,57,21.09,,57,3.99
0,27/04/2020,29,10.73,,29,7.43
1,27/04/2020,0,0,,0,7.58
2,27/04/2020,47,17.39,,47,6.17
3,27/04/2020,58,21.46,,58,2.53
4,27/04/2020,49,18.13,,49,3.91
5,27/04/2020,58,21.46,,58,7.44
6,27/04/2020,29,10.73,,29,7.57
7,27/04/2020,57,21.09,,57,5.85
8,27/04/2020,10,3.7,,10,2.49
9,27/04/2020,29,10.73,,29,5.53
10,27/04/2020,19,7.03,,19,7.53
11,27/04/2020,58,21.46,,58,7.49
12,27/04/2020,,0,,0,5.21
13,27/04/2020,68,25.16,,68,2.43
14,27/04/2020,96,35.52,,96,5.81
15,27/04/2020,76,28.12,,76,7.75
16,27/04/2020,87,32.19,,87,6.53
17,27/04/2020,77,28.49,,77,2.43
18,27/04/2020,78,28.86,,78,3.8
19,27/04/2020,96,35.52,,96,7.42
20,27/04/2020,97,35.89,,97,7.42
21,27/04/2020,261,96.57,,261,2.57
22,27/04/2020,76,28.12,,76,2.92
23,27/04/2020,77,28.49,,77,7.21
0,28/04/2020,77,28.49,,77,7.54
1,28/04/2020,77,28.49,,77,7.56
2,28/04/2020,77,28.49,,77,2.61
3,28/04/2020,87,32.19,,87,3.65
4,28/04/2020,81,29.97,,81,7.4
5,28/04/2020,68,25.16,,68,7.54
6,28/04/2020,95,35.15,,95,7.54
7,28/04/2020,48,17.76,,48,3.41
8,28/04/2020,69,25.53,,69,2.53
9,28/04/2020,67,24.79,,67,5.81
10,28/04/2020,,0,,0,2.81
11,28/04/2020,,0,,0,2.51
12,28/04/2020,,0,,0,2.54
13,28/04/2020,,0,,0,2.53
14,28/04/2020,,0,,0,2.51
15,28/04/2020,,0,,0,2.5
16,28/04/2020,48,17.76,,48,5.69
17,28/04/2020,67,24.79,,67,7.53
18,28/04/2020,49,18.13,,49,7.5
19,28/04/2020,96,35.52,,96,7.49
20,28/04/2020,261,96.57,,261,7.47
21,28/04/2020,52,19.24,,52,7.51
22,28/04/2020,67,24.79,,67,7.51
23,28/04/2020,78,28.86,,78,7.51
0,29/04/2020,77,28.49,,77,7.51
1,29/04/2020,67,24.79,,67,7.53
2,29/04/2020,28,10.36,,28,7.54
3,29/04/2020,67,24.79,,67,5.97
4,29/04/2020,77,28.49,,77,2.54
5,29/04/2020,28,10.36,,28,4.65
6,29/04/2020,57,21.09,,57,7.44
7,29/04/2020,58,21.46,,58,7.54
8,29/04/2020,39,14.43,,39,4.52
9,29/04/2020,48,17.76,,48,2.55
10,29/04/2020,29,10.73,,29,6.16
11,29/04/2020,19,7.03,,19,7.52
12,29/04/2020,38,14.06,,38,7.55
13,29/04/2020,29,10.73,,29,3.49
14,29/04/2020,41,15.17,,41,3.18
15,29/04/2020,57,21.09,,57,7.47
16,29/04/2020,77,28.49,,77,7.55
17,29/04/2020,77,28.49,,77,3.02
18,29/04/2020,67,24.79,,67,2.64
19,29/04/2020,106,39.22,,106,6.42
20,29/04/2020,58,21.46,,58,7.44
21,29/04/2020,67,24.79,,67,5.43
22,29/04/2020,87,32.19,,87,2.58
23,29/04/2020,67,24.79,,67,4.52
0,30/04/2020,96,35.52,,96,7.44
1,30/04/2020,58,21.46,,58,7.54
2,30/04/2020,57,21.09,,57,3.33
3,30/04/2020,98,36.26,,98,2.55
4,30/04/2020,67,24.79,,67,6.91
5,30/04/2020,85,31.45,,85,7.46
6,30/04/2020,105,38.85,,105,6.25
7,30/04/2020,67,24.79,,67,2.56
8,30/04/2020,88,32.56,,88,3.37
9,30/04/2020,29,10.73,,29,7.28
10,30/04/2020,-10,-3.7,,-10,7.44
11,30/04/2020,0,0,,0,6.66
12,30/04/2020,0,0,,0,2.51
13,30/04/2020,39,14.43,,39,4.95
14,30/04/2020,49,18.13,,49,7.56
15,30/04/2020,39,14.43,,39,7.11
16,30/04/2020,39,14.43,,39,2.54
17,30/04/2020,39,14.43,,39,3.22
18,30/04/2020,38,14.06,,38,7.12
19,30/04/2020,29,10.73,,29,6.59
20,30/04/2020,29,10.73,,29,2.61
21,30/04/2020,39,14.43,,39,2.68
22,30/04/2020,23,8.51,,23,4.41
23,30/04/2020,22,8.14,125,147,7.33
0,1/05/2020,29,10.73,,29,4.56
1,1/05/2020,29,10.73,125,154,2.58
2,1/05/2020,58,21.46,,58,2.6
3,1/05/2020,57,21.09,125,182,6.39
4,1/05/2020,38,14.06,,38,7.45
5,1/05/2020,39,14.43,125,164,4.44
6,1/05/2020,39,14.43,,39,2.57
7,1/05/2020,39,14.43,125,164,5.35
8,1/05/2020,39,14.43,,39,7.46
9,1/05/2020,47,17.39,125,172,7.49
10,1/05/2020,48,17.76,,48,4.5
11,1/05/2020,39,14.43,125,164,2.53
12,1/05/2020,38,14.06,,38,6.48
13,1/05/2020,48,17.76,125,173,7.5
14,1/05/2020,39,14.43,,39,7.59
15,1/05/2020,71,26.27,125,196,3.61
16,1/05/2020,68,25.16,,68,3.26
17,1/05/2020,68,25.16,125,193,7.36
18,1/05/2020,68,25.16,,68,7.49
19,1/05/2020,87,32.19,125,212,6.69
20,1/05/2020,48,17.76,,48,2.57
21,1/05/2020,58,21.46,125,183,4.17
22,1/05/2020,38,14.06,,38,7.38
23,1/05/2020,29,10.73,125,154,7.49
0,2/05/2020,29,10.73,,29,2.57
1,2/05/2020,38,14.06,125,163,3.85
2,2/05/2020,49,18.13,,49,7.39
3,2/05/2020,48,17.76,125,173,7.52
4,2/05/2020,29,10.73,,29,6.57
5,2/05/2020,38,14.06,125,163,2.54
6,2/05/2020,39,14.43,,39,4.52
7,2/05/2020,29,10.73,125,154,7.44
8,2/05/2020,58,21.46,,58,7.51
9,2/05/2020,28,10.36,125,153,3.69
10,2/05/2020,48,17.76,,48,2.81
11,2/05/2020,39,14.43,125,164,7.21
12,2/05/2020,29,10.73,,29,7.51
13,2/05/2020,39,14.43,125,164,7.57
14,2/05/2020,49,18.13,,49,5.5
15,2/05/2020,48,17.76,125,173,2.37
16,2/05/2020,26,9.62,250,276,6.89
17,2/05/2020,48,17.76,,48,7.58
18,2/05/2020,58,21.46,125,183,7.51
19,2/05/2020,30,11.1,,30,3.75
20,2/05/2020,39,14.43,125,164,2.57
21,2/05/2020,58,21.46,,58,6.61
22,2/05/2020,29,10.73,125,154,7.57
23,2/05/2020,39,14.43,,39,7.1
0,3/05/2020,39,14.43,125,164,2.52
1,3/05/2020,28,10.36,,28,3.43
2,3/05/2020,29,10.73,125,154,7.39
3,3/05/2020,29,10.73,,29,7.57
4,3/05/2020,52,19.24,125,177,7.29
5,3/05/2020,29,10.73,,29,2.5
6,3/05/2020,28,10.36,125,153,3.92
7,3/05/2020,28,10.36,,28,7.45
8,3/05/2020,48,17.76,125,173,7.58
9,3/05/2020,58,21.46,,58,5.26
10,3/05/2020,57,21.09,125,182,2.47
11,3/05/2020,47,17.39,,47,6.16
12,3/05/2020,48,17.76,125,173,7.57
13,3/05/2020,49,18.13,,49,7.61
14,3/05/2020,19,7.03,125,144,7.59
15,3/05/2020,30,11.1,,30,2.47
16,3/05/2020,29,10.73,125,154,3.03
17,3/05/2020,29,10.73,,29,7.4
18,3/05/2020,29,10.73,125,154,7.58
19,3/05/2020,19,7.03,,19,5.25
20,3/05/2020,77,28.49,375,452,2.52
21,3/05/2020,20,7.4,,20,5.27
22,3/05/2020,38,14.06,125,163,7.51
23,3/05/2020,19,7.03,,19,7.57
0,4/05/2020,39,14.43,125,164,3.27
1,4/05/2020,39,14.43,,39,2.53
2,4/05/2020,48,17.76,125,173,7.16
3,4/05/2020,57,21.09,,57,7.55
4,4/05/2020,39,14.43,125,164,7.33
5,4/05/2020,29,10.73,,29,2.49
6,4/05/2020,39,14.43,125,164,3.28
7,4/05/2020,18,6.66,,18,7.37
8,4/05/2020,48,17.76,125,173,7.57
9,4/05/2020,47,17.39,,47,5.4
10,4/05/2020,39,14.43,125,164,2.52
11,4/05/2020,68,25.16,,68,5.83
12,4/05/2020,39,14.43,125,164,7.59
13,4/05/2020,58,21.46,,58,7.67
14,4/05/2020,61,22.57,125,186,7.76
15,4/05/2020,49,18.13,,49,7.66
16,4/05/2020,58,21.46,125,183,2.4
17,4/05/2020,58,21.46,,58,5.12
18,4/05/2020,67,24.79,125,192,7.58
19,4/05/2020,58,21.46,,58,7.58
20,4/05/2020,67,24.79,125,192,7.52
21,4/05/2020,67,24.79,,67,2.59
22,4/05/2020,77,28.49,125,202,3.69
23,4/05/2020,,0,,0,7.39
0,5/05/2020,58,21.46,125,183,7.55
1,5/05/2020,77,28.49,,77,7.54
2,5/05/2020,76,28.12,,76,7.52
3,5/05/2020,81,29.97,125,206,2.62
4,5/05/2020,77,28.49,,77,4.28
5,5/05/2020,67,24.79,125,192,7.44
6,5/05/2020,68,25.16,,68,7.54
7,5/05/2020,68,25.16,125,193,7.53
8,5/05/2020,67,24.79,,67,4.87
9,5/05/2020,68,25.16,125,193,2.64
10,5/05/2020,77,28.49,,77,7.31
11,5/05/2020,68,25.16,125,193,7.55
12,5/05/2020,77,28.49,115,192,7.53
13,5/05/2020,,0,125,125,7.65
14,5/05/2020,,0,,0,7.76
15,5/05/2020,,0,125,125,4.5
16,5/05/2020,,0,,0,3.09
17,5/05/2020,,0,125,125,7.54
18,5/05/2020,,0,,0,7.59
19,5/05/2020,,0,125,125,7.55
20,5/05/2020,,0,,0,7.55
21,5/05/2020,,0,125,125,3.86
22,5/05/2020,,0,,0,2.68
23,5/05/2020,,0,125,125,7.15
